_id,email,password,username
652b9e279c8deef2485bf8ff,Adrian.Solis@gmail.com,V(B5tFJz,AdrianSolis
652b9e279c8deef2485bf8f8,Heather.Long@gmail.com,4@fV7FXm,HeatherLong
652b9e279c8deef2485bf8f6,Kayla.Quinn@gmail.com,s+92GEiy,KaylaQuinn
652b9e279c8deef2485bf8fc,Jose.Herring@gmail.com,o(3^REYv,JoseHerring
652b9e279c8deef2485bf8fa,Diane.Brown@gmail.com,m&5Y9KQg,DianeBrown
652b9e279c8deef2485bf8fd,Jennifer.Kelly@gmail.com,Nk&8Ylc^,JenniferKelly
652b9e279c8deef2485bf903,Brandon.Joseph@gmail.com,2l+Qr7Ap,BrandonJoseph
652b9e279c8deef2485bf90c,Lori.Bruce@gmail.com,)3Y__or9,LoriBruce
652b9e279c8deef2485bf908,Connor.Lewis@gmail.com,PG+4HpOi,ConnorLewis
652b9e279c8deef2485bf909,Walter.Kennedy@gmail.com,!*rvK3Lz,WalterKennedy
652b9e279c8deef2485bf90b,Todd.Walton@gmail.com,*2On*3dx,ToddWalton
652b9e279c8deef2485bf901,Jonathan.Chaney@gmail.com,N+l4Myw6,JonathanChaney
652b9e279c8deef2485bf8f9,Nancy.Floyd@gmail.com,(gm6LGdl,NancyFloyd
652b9e279c8deef2485bf900,Melvin.Weaver@gmail.com,Y^49LqH$,MelvinWeaver
652b9e279c8deef2485bf8f2,Nicholas.Ramirez@gmail.com,S%4*Fhu!,NicholasRamirez
652b9e279c8deef2485bf8f3,Karen.Vazquez@gmail.com,@r+4Skek,KarenVazquez
652b9e279c8deef2485bf905,Richard.Morris@gmail.com,u@29MSlt,RichardMorris
652b9e279c8deef2485bf907,Christopher.Reid@gmail.com,x&09ZtZk,ChristopherReid
652b9e279c8deef2485bf8f4,Rachael.Byrd@gmail.com,+1#VVrwL,RachaelByrd
652b9e279c8deef2485bf8fb,Taylor.Deleon@gmail.com,b)5RyXTm,TaylorDeleon
652b9e279c8deef2485bf8fe,Robert.Diaz@gmail.com,1b_6%%Uo,RobertDiaz
652b9e279c8deef2485bf90d,Patty.Goodman@gmail.com,Q#pC0Dru,PattyGoodman
652b9e279c8deef2485bf8f7,Richard.Porter@gmail.com,^Dv4Ctho,RichardPorter
652b9e279c8deef2485bf90a,Bryan.Barber@gmail.com,(p8ImjVe,BryanBarber
652b9e279c8deef2485bf8f5,Heidi.Fox@gmail.com,zq@4$Dav,HeidiFox
652b9e279c8deef2485bf902,userhisto@gmail.com,12345,UserHisto
652b9e279c8deef2485bf904,Jennifer.Beck@gmail.com,E8%4RlSC,JenniferBeck
652b9e279c8deef2485bf906,Laura.Scott@gmail.com,)93N$Rd!,LauraScott
652b9e279c8deef2485bf8f1,Justin.Diaz@gmail.com,v^5BXk2C,JustinDiaz
652f5acf1f53f686823ae5b1,Justin.Diaz@example.com,v^5BXk2C,JustinDiaz
652f5c5b1f53f686823ae5b2,one@gmail.com,one123,one
6530d9998eb7003bca6a90d7,dd,p1,u1
6530d99b8eb7003bca6a90d8,dd,p1,u1
65310ebd8eb7003bca6a90d9,a,a,a
65315a538eb7003bca6a90da,hi@gmail.com,pass,hi
65315add8eb7003bca6a90db,nilupa@gmail.com,nilupa123,nilupa
6531df0b6678231471bad497,nilan@gmail.com,nilan123,nilan
6531e1866678231471bad498,nimal@gmail.com,nimal123,nimal
6533a542aa86d10d81ef194e,a,a,a
6533a542aa86d10d81ef1950,a,a,a
6533a542aa86d10d81ef1951,a,a,a
6533a542aa86d10d81ef1952,a,a,a
6533a542aa86d10d81ef194f,a,a,a
6533a542aa86d10d81ef1954,a,a,a
6533a542aa86d10d81ef1953,a,a,a
6533e019aa86d10d81ef1955,nilupa@gmail.com,nilan,nilan
6533e72daa86d10d81ef1956,abc@gmail.com,abc123,abc
6533e80baa86d10d81ef1957,nm@gmail.com,nm123,nm
